9788073363680;Andìlé stromù;10%;358.00;38;2;201.78;403.56;Hageneder Fred;KOS229023;EXPL-81859/2018/K;
9788090516687;Brno pøed 100 lety 2.díl;10%;735.00;38;1;414.27;414.27;Filip Vladimír;KOS211859;EXPL-81859/2018/K;
9788087529058;Cesta ke štìstí - prùvodce dobrým životem;10%;298.00;38;2;167.96;335.92;Dalajlama XIV. Jeho svatost;KOS216566;EXPL-81859/2018/K;
9788090659377;Èau uprchlíci!;10%;298.00;38;10;167.96;1679.60;Tenenbom Tuvia;KOS243924;EXPL-81859/2018/K;
9788025719060;Darebáci;10%;498.00;38;2;280.69;561.38;Martin George R.R.;KOS202624;EXPL-81859/2018/K;
9788074296369;Dìdeèkùv deník;10%;258.00;38;2;145.42;290.84;Koubská Libuše;KOS208978;EXPL-81859/2018/K;
9788087973288;Deník raka;10%;289.00;38;2;162.89;325.78;Schillerová Tereza;KOS225598;EXPL-81859/2018/K;
9788027027941;Dívka s havraními køídly;10%;396.00;38;2;223.20;446.40;Kramerová Tereza;KOS240409;EXPL-81859/2018/K;
9788086685694;Endurance;10%;358.00;38;3;201.78;605.34;Lansing Alfred;KOS133670;EXPL-81859/2018/K;
9788027026241;Fitness recepty;10%;399.00;38;3;224.89;674.67;Švecová Michaela;KOS238686;EXPL-81859/2018/K;
9788074328534;Hilda a kamenný les;10%;299.00;38;2;168.53;337.06;Pearson Luke;KOS232890;EXPL-81859/2018/K;
9788074321474;Jaro;10%;249.00;38;2;140.35;280.70;Bernerová Rotraut Susanne;KOS167411;EXPL-81859/2018/K;
9788097249106;Jóga proti bolestem v zádech;10%;349.00;38;3;196.71;590.13;Mahéšvaránanda Paramhans svámí;KOS223076;EXPL-81859/2018/K;
9783981430103;Kdo se bojí smrti?;10%;325.00;38;2;183.18;366.36;van Helsing Jan;KOS160042;EXPL-81859/2018/K;
9788026094098;Móda a duše aneb klíè k sobì;10%;485.00;38;2;273.36;546.72;Havlíèková Táòa;KOS240436;EXPL-81859/2018/K;
9788086099132;Most pøes navždy;10%;245.00;38;2;138.09;276.18;Bach Richard;KOS60556;EXPL-81859/2018/K;
9788071083511;Nesnesitelná lehkost bytí;10%;382.00;38;3;215.31;645.93;Kundera Milan;KOS203037;EXPL-81859/2018/K;
9788074328497;Opuštìná spoleènost;10%;289.00;38;10;162.89;1628.90;Tabery Erik;KOS232828;EXPL-81859/2018/K;
9788085319484;Sádhana : Cesta k Bohu;10%;89.00;38;2;50.16;100.32;de Mello Anthony;KOS102556;EXPL-81859/2018/K;
9788025721964;Sídlo èerva;10%;198.00;38;2;111.60;223.20;Martin George R.R.;KOS227042;EXPL-81859/2018/K;
9788025700426;Silmarillion;10%;298.00;38;2;167.96;335.92;Tolkien J. R. R.;KOS134616;EXPL-81859/2018/K;
9788025722954;Svìt jako hra o trùny;10%;228.00;38;2;128.51;257.02;Moisi Dominique;KOS227063;EXPL-81859/2018/K;
9788025703267;Šifra mistra Leonarda;10%;398.00;38;1;224.33;224.33;Brown Dan;KOS154733;EXPL-81859/2018/K;
9783945803004;Thovt - Chrám moudrosti;21%;390.00;38;2;199.83;399.66;Simoné Kerstin;KOS207191;EXPL-81859/2018/K;
9788025700624;Tibetská kniha mrtvých. Bardo thödol;10%;398.00;38;1;224.33;448.66;;KOS104500;EXPL-81859/2018/K;
9788025722602;Totální nasazení;10%;498.00;38;2;280.69;561.38;Hodan Tomáš,Nezbeda Ondøej,Soukupová Petra;KOS235306;EXPL-81859/2018/K;
9788073703530;Vìdomá prostitutka;10%;329.00;38;1;185.44;185.44;Monet Veronica;KOS211076;EXPL-81859/2018/K;
9788090556430;Zlatý poklad;10%;89.00;38;2;50.16;100.32;Pikora Vladimír,Šichtaøová Markéta;KOS206574;EXPL-81859/2018/K;
